{"stats":{"minecraft:custom":{"minecraft:time_since_rest":23319,"minecraft:crouch_one_cm":293,"minecraft:sprint_one_cm":32868,"minecraft:play_time":23319,"minecraft:damage_taken":111,"minecraft:walk_one_cm":13368,"minecraft:damage_blocked_by_shield":90,"minecraft:sneak_time":287,"minecraft:mob_kills":10,"minecraft:drop":3,"minecraft:jump":238,"minecraft:damage_dealt":1459,"minecraft:leave_game":4,"minecraft:time_since_death":23319,"minecraft:total_world_time":23319,"minecraft:fall_one_cm":420,"minecraft:fly_one_cm":201876},"minecraft:mined":{"minecraft:grass_block":1,"minecraft:oak_leaves":1},"minecraft:killed":{"minecraft:sheep":1,"minecraft:zombie":7},"minecraft:used":{"minecraft:netherite_sword":20,"minecraft:dirt":1,"minecraft:bow":25,"minecraft:cooked_porkchop":1,"minecraft:grass_block":5,"minecraft:shield":2,"minecraft:stone":66,"minecraft:zombie_spawn_egg":8},"minecraft:dropped":{"minecraft:rotten_flesh":7},"minecraft:picked_up":{"minecraft:rotten_flesh":10,"minecraft:mutton":1,"minecraft:dirt":1,"minecraft:white_wool":1}},"DataVersion":3465}