{"stats":{"minecraft:custom":{"minecraft:time_since_rest":17464,"minecraft:sprint_one_cm":27141,"minecraft:play_time":17464,"minecraft:damage_taken":111,"minecraft:walk_one_cm":9504,"minecraft:damage_blocked_by_shield":90,"minecraft:sneak_time":125,"minecraft:mob_kills":9,"minecraft:drop":3,"minecraft:jump":179,"minecraft:damage_dealt":1439,"minecraft:leave_game":3,"minecraft:time_since_death":17464,"minecraft:total_world_time":17464,"minecraft:fall_one_cm":420,"minecraft:fly_one_cm":102255},"minecraft:mined":{"minecraft:grass_block":1,"minecraft:oak_leaves":1},"minecraft:killed":{"minecraft:sheep":1,"minecraft:zombie":7},"minecraft:used":{"minecraft:netherite_sword":20,"minecraft:dirt":1,"minecraft:bow":25,"minecraft:cooked_porkchop":1,"minecraft:grass_block":1,"minecraft:shield":2,"minecraft:zombie_spawn_egg":8},"minecraft:dropped":{"minecraft:rotten_flesh":7},"minecraft:picked_up":{"minecraft:rotten_flesh":10,"minecraft:mutton":1,"minecraft:dirt":1,"minecraft:white_wool":1}},"DataVersion":3465}