{"stats":{"minecraft:picked_up":{"minecraft:dirt":1},"minecraft:used":{"minecraft:dirt":1,"minecraft:grass_block":1},"minecraft:custom":{"minecraft:jump":57,"minecraft:time_since_rest":10413,"minecraft:leave_game":2,"minecraft:play_time":10413,"minecraft:sprint_one_cm":11650,"minecraft:time_since_death":10413,"minecraft:walk_one_cm":3474,"minecraft:sneak_time":16,"minecraft:total_world_time":10413,"minecraft:fall_one_cm":209,"minecraft:fly_one_cm":24975},"minecraft:mined":{"minecraft:grass_block":1,"minecraft:oak_leaves":1}},"DataVersion":3465}